Type,Name,Request Count,Failure Count,Median Response Time,Average Response Time,Min Response Time,Max Response Time,Average Content Size,Requests/s,Failures/s,50%,66%,75%,80%,90%,95%,98%,99%,99.9%,99.99%,100%
POST,/login,50,0,1200.0,1612.979248573538,316.2704820279032,4353.466968983412,49241.0,0.8462020188448726,0.0,1200,1700,2300,3400,4000,4200,4400,4400,4400,4400,4400
GET,load_homepage,910,0,1200.0,1068.2767278793688,20.000268996227533,3001.5956679708324,49241.0,15.40087674297668,0.0,1200,1400,1500,1600,1800,2400,2500,2600,3000,3000,3000
,Aggregated,960,0,1200.0,1096.64665083219,20.000268996227533,4353.466968983412,49241.0,16.24707876182155,0.0,1200,1400,1500,1600,1900,2400,2600,3400,4400,4400,4400
